,Bonita_precip_in,Bonsall_precip_in,Cactus County Park_precip_in,Deer Springs_precip_in,El Camino del Norte_precip_in,Fallbrook_precip_in,Flinn Springs County Park_precip_in,Los Coches_precip_in,Ramona CRS_precip_in,Rancho Bernardo_precip_in,Roads Div I_precip_in,San Marcos CRS_precip_in,San Onofre_precip_in,SD Country Estates_precip_in
4/14/2022 0:00,0,0,0,0,0,0,0,0,0,0,0,0,0,0
4/14/2022 1:00,0,0,0,0,0,0,0,0,0,0,0,0,0,0
4/14/2022 2:00,0,0,0,0,0,0,0,0,0,0,0,0,0,0
4/14/2022 3:00,0,0,0,0,0,0,0,0,0,0,0,0,0,0
4/14/2022 4:00,0,0,0,0,0,0,0,0,0,0,0,0,0,0
4/14/2022 5:00,0,0,0,0,0,0,0,0,0,0,0,0,0,0
4/14/2022 6:00,0,0,0,0,0,0,0,0,0,0,0,0,0,0
4/14/2022 7:00,0,0,0,0,0,0,0,0,0,0,0,0,0,0
4/14/2022 8:00,0,0,0,0,0,0,0,0,0,0,0,0,0,0
4/14/2022 9:00,0,0,0,0,0,0,0,0,0,0,0,0,0,0
4/14/2022 10:00,0,0,0,0,0,0,0,0,0,0,0,0,0,0
4/14/2022 11:00,0,0,0,0,0,0,0,0,0,0,0,0,0,0
4/14/2022 12:00,0,0,0,0,0,0,0,0,0,0,0,0,0,0
4/14/2022 13:00,0,0,0,0,0,0,0,0,0,0,0,0,0,0
4/14/2022 14:00,0,0,0,0,0,0,0,0,0,0,0,0,0,0
4/14/2022 15:00,0,0,0,0,0,0,0,0,0,0,0,0,0,0
4/14/2022 16:00,0,0,0,0,0,0,0,0,0,0,0,0,0,0
4/14/2022 17:00,0,0,0,0,0,0,0,0,0,0,0,0,0,0
4/14/2022 18:00,0,0,0,0,0,0,0,0,0,0,0,0,0,0
4/14/2022 19:00,0,0,0,0,0,0,0,0,0,0,0,0,0,0
4/14/2022 20:00,0,0,0,0,0,0,0,0,0,0,0,0,0,0
4/14/2022 21:00,0,0,0,0,0,0,0,0,0,0,0,0,0,0
4/14/2022 22:00,0,0,0,0,0,0,0,0,0,0,0,0,0,0
4/14/2022 23:00,0,0,0,0,0,0,0,0,0,0,0,0,0,0
4/15/2022 0:00,0,0,0,0,0,0,0,0,0,0,0,0,0,0
4/15/2022 1:00,0,0,0,0,0,0,0,0,0,0,0,0,0,0
4/15/2022 2:00,0,0,0,0,0,0,0,0,0,0,0,0,0,0
4/15/2022 3:00,0,0,0,0,0,0,0,0,0,0,0,0,0,0
4/15/2022 4:00,0,0,0,0,0,0,0,0,0,0,0,0,0,0
4/15/2022 5:00,0,0,0,0,0,0,0,0,0,0,0,0,0,0
4/15/2022 6:00,0,0,0,0,0,0,0,0,0,0,0,0,0,0
4/15/2022 7:00,0,0,0,0,0,0,0,0,0,0,0,0,0,0
4/15/2022 8:00,0,0,0,0,0,0,0,0,0,0,0,0,0,0
4/15/2022 9:00,0,0,0,0,0,0,0,0,0,0,0,0,0,0
4/15/2022 10:00,0,0,0,0,0,0,0,0,0,0,0,0,0,0
4/15/2022 11:00,0,0,0,0,0,0,0,0,0,0,0,0,0,0
4/15/2022 12:00,0,0,0,0,0,0,0,0,0,0,0,0,0,0
4/15/2022 13:00,0,0,0,0,0,0,0,0,0,0,0,0,0,0
4/15/2022 14:00,0,0,0,0,0,0,0,0,0,0,0,0,0,0
4/15/2022 15:00,0,0,0,0,0,0,0,0,0,0,0,0,0,0
4/15/2022 16:00,0,0,0,0,0,0,0,0,0,0,0,0,0,0
4/15/2022 17:00,0,0,0,0,0,0,0,0,0,0,0,0,0,0
4/15/2022 18:00,0,0,0,0,0,0,0,0,0,0,0,0,0,0
4/15/2022 19:00,0,0,0,0,0,0,0,0,0,0,0,0,0,0
4/15/2022 20:00,0,0,0,0,0,0,0,0,0,0,0,0,0,0
4/15/2022 21:00,0,0,0,0,0,0,0,0,0,0,0,0,0,0
4/15/2022 22:00,0,0,0,0,0,0,0,0,0,0,0,0,0,0
4/15/2022 23:00,0,0,0,0,0,0,0,0,0,0,0,0,0,0
4/16/2022 0:00,0,0,0,0,0,0,0,0,0,0,0,0,0,0
4/16/2022 1:00,0,0,0,0,0,0,0,0,0,0,0,0,0,0
4/16/2022 2:00,0,0,0,0,0,0,0,0,0,0,0,0,0,0
4/16/2022 3:00,0,0,0,0,0,0,0,0,0,0,0,0,0,0
4/16/2022 4:00,0,0,0,0,0,0,0,0,0,0,0,0,0,0
4/16/2022 5:00,0,0,0,0,0,0,0,0,0,0,0,0,0,0
4/16/2022 6:00,0,0,0,0,0,0,0,0,0,0,0,0,0,0
4/16/2022 7:00,0,0,0,0,0,0,0,0,0,0,0,0,0,0
4/16/2022 8:00,0,0,0,0,0,0,0,0,0,0,0,0,0,0
4/16/2022 9:00,0,0,0,0,0,0,0,0,0,0,0,0,0,0
4/16/2022 10:00,0,0,0,0,0,0,0,0,0,0,0,0,0,0
4/16/2022 11:00,0,0,0,0,0,0,0,0,0,0,0,0,0,0
4/16/2022 12:00,0,0,0,0,0,0,0,0,0,0,0,0,0,0
4/16/2022 13:00,0,0,0,0,0,0,0,0,0,0,0,0,0,0
4/16/2022 14:00,0,0,0,0,0,0,0,0,0,0,0,0,0,0
4/16/2022 15:00,0,0,0,0,0,0,0,0,0,0,0,0,0,0
4/16/2022 16:00,0,0,0,0,0,0,0,0,0,0,0,0,0,0
4/16/2022 17:00,0,0,0,0,0,0,0,0,0,0,0,0,0,0
4/16/2022 18:00,0,0,0,0,0,0,0,0,0,0,0,0,0,0
4/16/2022 19:00,0,0,0,0,0,0,0,0,0,0,0,0,0,0
4/16/2022 20:00,0,0,0,0,0,0,0,0,0,0,0,0,0,0
4/16/2022 21:00,0,0,0,0,0,0,0,0,0,0,0,0,0,0
4/16/2022 22:00,0,0,0,0,0,0,0,0,0,0,0,0,0,0
4/16/2022 23:00,0,0,0,0,0,0,0,0,0,0,0,0,0,0
4/17/2022 0:00,0,0,0,0,0,0,0,0,0,0,0,0,0,0
4/17/2022 1:00,0,0,0,0,0,0,0,0,0,0,0,0,0,0
4/17/2022 2:00,0,0,0,0,0,0,0,0,0,0,0,0,0,0
4/17/2022 3:00,0,0,0,0,0,0,0,0,0,0,0,0,0,0
4/17/2022 4:00,0,0,0,0,0,0,0,0,0,0,0,0,0,0
4/17/2022 5:00,0,0,0,0,0,0,0,0,0,0,0,0,0,0
4/17/2022 6:00,0,0,0,0,0,0,0,0,0,0,0,0,0,0
4/17/2022 7:00,0,0,0,0,0,0,0,0,0,0,0,0,0,0
4/17/2022 8:00,0,0,0,0,0,0,0,0,0,0,0,0,0,0
4/17/2022 9:00,0,0,0,0,0,0,0,0,0,0,0,0,0,0
4/17/2022 10:00,0,0,0,0,0,0,0,0,0,0,0,0,0,0
4/17/2022 11:00,0,0,0,0,0,0,0,0,0,0,0,0,0,0
4/17/2022 12:00,0,0,0,0,0,0,0,0,0,0,0,0,0,0
4/17/2022 13:00,0,0,0,0,0,0,0,0,0,0,0,0,0,0
4/17/2022 14:00,0,0,0,0,0,0,0,0,0,0,0,0,0,0
4/17/2022 15:00,0,0,0,0,0,0,0,0,0,0,0,0,0,0
4/17/2022 16:00,0,0,0,0,0,0,0,0,0,0,0,0,0,0
4/17/2022 17:00,0,0,0,0,0,0,0,0,0,0,0,0,0,0
4/17/2022 18:00,0,0,0,0,0,0,0,0,0,0,0,0,0,0
4/17/2022 19:00,0,0,0,0,0,0,0,0,0,0,0,0,0,0
4/17/2022 20:00,0,0,0,0,0,0,0,0,0,0,0,0,0,0
4/17/2022 21:00,0,0,0,0,0,0,0,0,0,0,0,0,0,0
4/17/2022 22:00,0,0,0,0,0,0,0,0,0,0,0,0,0,0
4/17/2022 23:00,0,0,0,0,0,0,0,0,0,0,0,0,0,0
4/18/2022 0:00,0,0,0,0,0,0,0,0,0,0,0,0,0,0
4/18/2022 1:00,0,0,0,0,0,0,0,0,0,0,0,0,0,0
4/18/2022 2:00,0,0,0,0,0,0,0,0,0,0,0,0,0,0
4/18/2022 3:00,0,0,0,0,0,0,0,0,0,0,0,0,0,0
4/18/2022 4:00,0,0,0,0,0,0,0,0,0,0,0,0,0,0
4/18/2022 5:00,0,0,0,0,0,0,0,0,0,0,0,0,0,0
4/18/2022 6:00,0,0,0,0,0,0,0,0,0,0,0,0,0,0
4/18/2022 7:00,0,0,0,0,0,0,0,0,0,0,0,0,0,0
4/18/2022 8:00,0,0,0,0,0,0,0,0,0,0,0,0,0,0
4/18/2022 9:00,0,0,0,0,0,0,0,0,0,0,0,0,0,0
4/18/2022 10:00,0,0,0,0,0,0,0,0,0,0,0,0,0,0
4/18/2022 11:00,0,0,0,0,0,0,0,0,0,0,0,0,0,0
4/18/2022 12:00,0,0,0,0,0,0,0,0,0,0,0,0,0,0
4/18/2022 13:00,0,0,0,0,0,0,0,0,0,0,0,0,0,0
4/18/2022 14:00,0,0,0,0,0,0,0,0,0,0,0,0,0,0
4/18/2022 15:00,0,0,0,0,0,0,0,0,0,0,0,0,0,0
4/18/2022 16:00,0,0,0,0,0,0,0,0,0,0,0,0,0,0
4/18/2022 17:00,0,0,0,0,0,0,0,0,0,0,0,0,0,0
4/18/2022 18:00,0,0,0,0,0,0,0,0,0,0,0,0,0,0
4/18/2022 19:00,0,0,0,0,0,0,0,0,0,0,0,0,0,0
4/18/2022 20:00,0,0,0,0,0,0,0,0,0,0,0,0,0,0
4/18/2022 21:00,0,0,0,0,0,0,0,0,0,0,0,0,0,0
4/18/2022 22:00,0,0,0,0,0,0,0,0,0,0,0,0,0,0
4/18/2022 23:00,0,0,0,0,0,0,0,0,0,0,0,0,0,0
4/19/2022 0:00,0,0,0,0,0,0,0,0,0,0,0,0,0,0
4/19/2022 1:00,0,0,0,0,0,0,0,0,0,0,0,0,0,0
4/19/2022 2:00,0,0,0,0,0,0,0,0,0,0,0,0,0,0
4/19/2022 3:00,0,0,0,0,0,0,0,0,0,0,0,0,0,0
4/19/2022 4:00,0,0,0,0,0,0,0,0,0,0,0,0,0,0
4/19/2022 5:00,0,0,0,0,0,0,0,0,0,0,0,0,0,0
4/19/2022 6:00,0,0,0,0,0,0,0,0,0,0,0,0,0,0
4/19/2022 7:00,0,0,0,0,0,0,0,0,0,0,0,0,0,0
4/19/2022 8:00,0,0,0,0,0,0,0,0,0,0,0,0,0,0
4/19/2022 9:00,0,0,0,0,0,0,0,0,0,0,0,0,0,0
4/19/2022 10:00,0,0,0,0,0,0,0,0,0,0,0,0,0,0
4/19/2022 11:00,0,0,0,0,0,0,0,0,0,0,0,0,0,0
4/19/2022 12:00,0,0,0,0,0,0,0,0,0,0,0,0,0,0
4/19/2022 13:00,0,0,0,0,0,0,0,0,0,0,0,0,0,0
4/19/2022 14:00,0,0,0,0,0,0,0,0,0,0,0,0,0,0
4/19/2022 15:00,0,0,0,0,0,0,0,0,0,0,0,0,0,0
4/19/2022 16:00,0,0,0,0,0,0,0,0,0,0,0,0,0,0
4/19/2022 17:00,0,0,0,0,0,0,0,0,0,0,0,0,0,0
4/19/2022 18:00,0,0,0,0,0,0,0,0,0,0,0,0,0,0
4/19/2022 19:00,0,0,0,0,0,0,0,0,0,0,0,0,0,0
4/19/2022 20:00,0,0,0,0,0,0,0,0,0,0,0,0,0,0
4/19/2022 21:00,0,0,0,0,0,0,0,0,0,0,0,0,0,0
4/19/2022 22:00,0,0,0,0,0,0,0,0,0,0,0,0,0,0
4/19/2022 23:00,0,0,0,0,0,0,0,0,0,0,0,0,0,0
4/20/2022 0:00,0,0,0,0,0,0,0,0,0,0,0,0,0,0
4/20/2022 1:00,0,0,0,0,0,0,0,0,0,0,0,0,0,0
4/20/2022 2:00,0,0,0,0,0,0,0,0,0,0,0,0,0,0
4/20/2022 3:00,0,0,0,0,0,0,0,0,0,0,0,0,0,0
4/20/2022 4:00,0,0,0,0,0,0,0,0,0,0,0,0,0,0
4/20/2022 5:00,0,0,0,0,0,0,0,0,0,0,0,0,0,0
4/20/2022 6:00,0,0,0,0,0,0,0,0,0,0,0,0,0,0
4/20/2022 7:00,0,0,0,0,0,0,0,0,0,0,0,0,0,0
4/20/2022 8:00,0,0,0,0,0,0,0,0,0,0,0,0,0,0
4/20/2022 9:00,0,0,0,0,0,0,0,0,0,0,0,0,0,0
4/20/2022 10:00,0,0,0,0,0,0,0,0,0,0,0,0,0,0
4/20/2022 11:00,0,0,0,0,0,0,0,0,0,0,0,0,0,0
4/20/2022 12:00,0,0,0,0,0,0,0,0,0,0,0,0,0,0
4/20/2022 13:00,0,0,0,0,0,0,0,0,0,0,0,0,0,0
4/20/2022 14:00,0,0,0,0,0,0,0,0,0,0,0,0,0,0
4/20/2022 15:00,0,0,0,0,0,0,0,0,0,0,0,0,0,0
4/20/2022 16:00,0,0,0,0,0,0,0,0,0,0,0,0,0,0
4/20/2022 17:00,0,0,0,0,0,0,0,0,0,0,0,0,0,0
4/20/2022 18:00,0,0,0,0,0,0,0,0,0,0,0,0,0,0
4/20/2022 19:00,0,0,0,0,0,0,0,0,0,0,0,0,0,0
4/20/2022 20:00,0,0,0,0,0,0,0,0,0,0,0,0,0,0
4/20/2022 21:00,0,0,0,0,0,0,0,0,0,0,0,0,0,0
4/20/2022 22:00,0,0,0,0,0,0,0,0,0,0,0,0,0,0
4/20/2022 23:00,0,0,0,0,0,0,0,0,0,0,0,0,0,0
4/21/2022 0:00,0,0,0,0,0,0,0,0,0,0,0,0,0,0
4/21/2022 1:00,0,0,0,0,0,0,0,0,0,0,0,0,0,0
4/21/2022 2:00,0,0,0,0,0,0,0,0,0,0,0,0,0,0
4/21/2022 3:00,0,0,0,0,0,0,0,0,0,0,0,0,0,0
4/21/2022 4:00,0,0,0,0,0,0,0,0,0,0,0,0,0,0
4/21/2022 5:00,0,0,0,0,0,0,0,0,0,0,0,0,0,0
4/21/2022 6:00,0,0,0,0,0,0,0,0,0,0,0,0,0,0
4/21/2022 7:00,0,0,0,0,0,0,0,0,0,0,0,0,0,0
4/21/2022 8:00,0,0,0,0,0,0,0,0,0,0,0,0,0,0
4/21/2022 9:00,0,0,0,0,0,0,0,0,0,0,0,0,0,0
4/21/2022 10:00,0,0,0,0,0,0,0,0,0,0,0,0,0,0
4/21/2022 11:00,0,0,0,0,0,0,0,0,0,0,0,0,0,0
4/21/2022 12:00,0,0,0,0,0,0,0,0,0,0,0,0,0,0
4/21/2022 13:00,0,0,0,0,0,0,0,0,0,0,0,0,0,0
4/21/2022 14:00,0,0,0,0,0,0,0,0,0,0,0,0,0,0
4/21/2022 15:00,0,0,0,0,0,0,0,0,0,0,0,0,0,0
4/21/2022 16:00,0,0,0,0,0,0,0,0,0,0,0,0,0,0
4/21/2022 17:00,0,0,0,0,0,0,0,0,0,0,0,0,0,0
4/21/2022 18:00,0,0,0,0,0,0,0,0,0,0,0,0,0,0
4/21/2022 19:00,0,0,0,0,0,0,0,0,0,0,0,0,0,0
4/21/2022 20:00,0,0,0,0,0,0,0,0,0,0,0,0,0,0
4/21/2022 21:00,0,0,0,0,0,0,0,0,0,0,0,0,0,0
4/21/2022 22:00,0,0,0,0,0,0,0,0,0,0,0,0,0,0
4/21/2022 23:00,0,0,0,0.05,0,0,0,0,0,0,0,0,0,0
4/22/2022 0:00,0,0,0,0,0,0,0,0,0,0,0,0,0,0
4/22/2022 1:00,0,0.09,0,0.01,0,0,0,0,0,0.01,0,0,0,0
4/22/2022 2:00,0,0.02,0.04,0,0,0,0,0.01,0.05,0,0,0,0,0
4/22/2022 3:00,0,0,0.03,0.11,0.06,0.01,0.28,0.19,0,0.01,0.03,0.11,0,0
4/22/2022 4:00,0,0.16,0,0,0,0.09,0.03,0.03,0.19,0.01,0,0,0.08,0
4/22/2022 5:00,0.01,0,0.17,0.05,0.06,0.01,0.01,0,0.05,0.04,0,0.04,0,0.08
4/22/2022 6:00,0,0,0.01,0,0,0,0.04,0.04,0.05,0,0.01,0,0,0.08
4/22/2022 7:00,0,0,0,0,0,0,0,0,0,0,0,0,0,0
4/22/2022 8:00,0,0,0,0,0,0,0,0,0,0,0,0,0,0
4/22/2022 9:00,0,0,0,0.01,0,0,0,0,0,0,0,0,0,0
4/22/2022 10:00,0,0,0,0,0,0,0,0,0,0,0,0,0,0
4/22/2022 11:00,0,0,0,0,0,0,0,0,0,0,0,0,0,0
4/22/2022 12:00,0,0,0,0,0,0,0,0,0,0,0,0,0,0
4/22/2022 13:00,0,0,0,0,0,0,0,0,0,0,0,0,0,0
4/22/2022 14:00,0,0,0,0,0,0,0,0,0,0,0,0,0,0
4/22/2022 15:00,0,0,0,0,0,0,0,0,0,0,0,0,0,0
4/22/2022 16:00,0,0,0,0,0,0,0,0,0,0,0,0,0,0
4/22/2022 17:00,0,0,0,0,0,0,0,0,0,0,0,0,0,0
4/22/2022 18:00,0,0,0,0,0,0,0,0,0,0,0,0,0,0
4/22/2022 19:00,0,0,0,0,0,0,0,0,0,0,0,0,0,0
4/22/2022 20:00,0,0,0,0,0,0,0,0,0,0,0,0,0,0
4/22/2022 21:00,0,0,0,0,0,0,0,0,0,0,0,0,0,0
4/22/2022 22:00,0,0,0,0,0,0,0,0,0,0,0,0,0,0
4/22/2022 23:00,0,0,0,0,0,0,0,0,0,0,0,0,0,0
4/23/2022 0:00,0,0,0,0,0,0,0,0,0,0,0,0,0,0
4/23/2022 1:00,0,0,0,0,0,0,0,0,0,0,0,0,0,0
4/23/2022 2:00,0,0,0,0,0,0,0,0,0,0,0,0,0,0
4/23/2022 3:00,0,0,0,0,0,0,0,0,0,0,0,0,0,0
4/23/2022 4:00,0,0,0,0,0,0,0,0,0,0,0,0,0,0
4/23/2022 5:00,0,0,0,0,0,0,0,0,0,0,0,0,0,0
4/23/2022 6:00,0,0,0,0,0,0,0,0,0,0,0,0,0,0
4/23/2022 7:00,0,0,0,0,0,0,0,0,0,0,0,0,0,0
4/23/2022 8:00,0,0,0,0,0,0,0,0,0,0,0,0,0,0
4/23/2022 9:00,0,0,0,0,0,0,0,0,0,0,0,0,0,0
4/23/2022 10:00,0,0,0,0,0,0,0,0,0,0,0,0,0,0
4/23/2022 11:00,0,0,0,0,0,0,0,0,0,0,0,0,0,0
4/23/2022 12:00,0,0,0,0,0,0,0,0,0,0,0,0,0,0
4/23/2022 13:00,0,0,0,0,0,0,0,0,0,0,0,0,0,0
4/23/2022 14:00,0,0,0,0,0,0,0,0,0,0,0,0,0,0
4/23/2022 15:00,0,0,0,0,0,0,0,0,0,0,0,0,0,0
4/23/2022 16:00,0,0,0,0,0,0,0,0,0,0,0,0,0,0
4/23/2022 17:00,0,0,0,0,0,0,0,0,0,0,0,0,0,0
4/23/2022 18:00,0,0,0,0,0,0,0,0,0,0,0,0,0,0
4/23/2022 19:00,0,0,0,0,0,0,0,0,0,0,0,0,0,0
4/23/2022 20:00,0,0,0,0,0,0,0,0,0,0,0,0,0,0
4/23/2022 21:00,0,0,0,0,0,0,0,0,0,0,0,0,0,0
4/23/2022 22:00,0,0,0,0,0,0,0,0,0,0,0,0,0,0
4/23/2022 23:00,0,0,0,0,0,0,0,0,0,0,0,0,0,0
4/24/2022 0:00,0,0,0,0,0,0,0,0,0,0,0,0,0,0
4/24/2022 1:00,0,0,0,0,0,0,0,0,0,0,0,0,0,0
4/24/2022 2:00,0,0,0,0,0,0,0,0,0,0,0,0,0,0
4/24/2022 3:00,0,0,0,0,0,0,0,0,0,0,0,0,0,0
4/24/2022 4:00,0,0,0,0,0,0,0,0,0,0,0,0,0,0
4/24/2022 5:00,0,0,0,0,0,0,0,0,0,0,0,0,0,0
4/24/2022 6:00,0,0,0,0,0,0,0,0,0,0,0,0,0,0
4/24/2022 7:00,0,0,0,0,0,0,0,0,0,0,0,0,0,0
4/24/2022 8:00,0,0,0,0,0,0,0,0,0,0,0,0,0,0
4/24/2022 9:00,0,0,0,0,0,0,0,0,0,0,0,0,0,0
4/24/2022 10:00,0,0,0,0.02,0,0,0,0,0,0,0,0,0,0
4/24/2022 11:00,0,0,0,0,0,0,0,0,0,0,0,0,0,0
4/24/2022 12:00,0,0,0,0,0,0,0,0,0,0,0,0,0,0
4/24/2022 13:00,0,0,0,0,0,0,0,0,0,0,0,0,0,0
4/24/2022 14:00,0,0,0,0,0,0,0,0,0,0,0,0,0,0
4/24/2022 15:00,0,0,0,0,0,0,0,0,0,0,0,0,0,0
4/24/2022 16:00,0,0,0,0,0,0,0,0,0,0,0,0,0,0
4/24/2022 17:00,0,0,0,0,0,0,0,0,0,0,0,0,0,0
4/24/2022 18:00,0,0,0,0,0,0,0,0,0,0,0,0,0,0
4/24/2022 19:00,0,0,0,0,0,0,0,0,0,0,0,0,0,0
4/24/2022 20:00,0,0,0,0,0,0,0,0,0,0,0,0,0,0
4/24/2022 21:00,0,0,0,0,0,0,0,0,0,0,0,0,0,0
4/24/2022 22:00,0,0,0,0,0,0,0,0,0,0,0,0,0,0
4/24/2022 23:00,0,0,0,0,0,0,0,0,0,0,0,0,0,0
4/25/2022 0:00,0,0,0,0,0,0,0,0,0,0,0,0,0,0
4/25/2022 1:00,0,0,0,0,0,0,0,0,0,0,0,0,0,0
4/25/2022 2:00,0,0,0,0,0,0,0,0,0,0,0,0,0,0
4/25/2022 3:00,0,0,0,0,0,0,0,0,0,0,0,0,0,0
4/25/2022 4:00,0,0,0,0,0,0,0,0,0,0,0,0,0,0
4/25/2022 5:00,0,0,0,0,0,0,0,0,0,0,0,0,0,0
4/25/2022 6:00,0,0,0,0,0,0,0,0,0,0,0,0,0,0
4/25/2022 7:00,0,0,0,0,0,0,0,0,0,0,0,0,0,0
4/25/2022 8:00,0,0,0,0,0,0,0,0,0,0,0,0,0,0
4/25/2022 9:00,0,0,0,0,0,0,0,0,0,0,0,0,0,0
4/25/2022 10:00,0,0,0,0,0,0,0,0,0,0,0,0,0,0
4/25/2022 11:00,0,0,0,0,0,0,0,0,0,0,0,0,0,0
4/25/2022 12:00,0,0,0,0,0,0,0,0,0,0,0,0,0,0
4/25/2022 13:00,0,0,0,0,0,0,0,0,0,0,0,0,0,0
4/25/2022 14:00,0,0,0,0,0,0,0,0,0,0,0,0,0,0
4/25/2022 15:00,0,0,0,0,0,0,0,0,0,0,0,0,0,0
4/25/2022 16:00,0,0,0,0,0,0,0,0,0,0,0,0,0,0
4/25/2022 17:00,0,0,0,0,0,0,0,0,0,0,0,0,0,0
4/25/2022 18:00,0,0,0,0,0,0,0,0,0,0,0,0,0,0
4/25/2022 19:00,0,0,0,0,0,0,0,0,0,0,0,0,0,0
4/25/2022 20:00,0,0,0,0,0,0,0,0,0,0,0,0,0,0
4/25/2022 21:00,0,0,0,0,0,0,0,0,0,0,0,0,0,0
4/25/2022 22:00,0,0,0,0,0,0,0,0,0,0,0,0,0,0
4/25/2022 23:00,0,0,0,0,0,0,0,0,0,0,0,0,0,0
4/26/2022 0:00,0,0,0,0,0,0,0,0,0,0,0,0,0,0
4/26/2022 1:00,0,0,0,0,0,0,0,0,0,0,0,0,0,0
4/26/2022 2:00,0,0,0,0,0,0,0,0,0,0,0,0,0,0
4/26/2022 3:00,0,0,0,0,0,0,0,0,0,0,0,0,0,0
4/26/2022 4:00,0,0,0,0,0,0,0,0,0,0,0,0,0,0
4/26/2022 5:00,0,0,0,0,0,0,0,0,0,0,0,0,0,0
4/26/2022 6:00,0,0,0,0,0,0,0,0,0,0,0,0,0,0
4/26/2022 7:00,0,0,0,0,0,0,0,0,0,0,0,0,0,0
4/26/2022 8:00,0,0,0,0,0,0,0,0,0,0,0,0,0,0
4/26/2022 9:00,0,0,0,0,0,0,0,0,0,0,0,0,0,0
4/26/2022 10:00,0,0,0,0,0,0,0,0,0,0,0,0,0,0
4/26/2022 11:00,0,0,0,0,0,0,0,0,0,0,0,0,0,0
4/26/2022 12:00,0,0,0,0,0,0,0,0,0,0,0,0,0,0
4/26/2022 13:00,0,0,0,0,0,0,0,0,0,0,0,0,0,0
4/26/2022 14:00,0,0,0,0,0,0,0,0,0,0,0,0,0,0
4/26/2022 15:00,0,0,0,0,0,0,0,0,0,0,0,0,0,0
4/26/2022 16:00,0,0,0,0,0,0,0,0,0,0,0,0,0,0
4/26/2022 17:00,0,0,0,0,0,0,0,0,0,0,0,0,0,0
4/26/2022 18:00,0,0,0,0,0,0,0,0,0,0,0,0,0,0
4/26/2022 19:00,0,0,0,0,0,0,0,0,0,0,0,0,0,0
4/26/2022 20:00,0,0,0,0,0,0,0,0,0,0,0,0,0,0
4/26/2022 21:00,0,0,0,0,0,0,0,0,0,0,0,0,0,0
4/26/2022 22:00,0,0,0,0,0,0,0,0,0,0,0,0,0,0
4/26/2022 23:00,0,0,0,0,0,0,0,0,0,0,0,0,0,0
4/27/2022 0:00,0,0,0,0,0,0,0,0,0,0,0,0,0,0
4/27/2022 1:00,0,0,0,0,0,0,0,0,0,0,0,0,0,0
4/27/2022 2:00,0,0,0,0,0,0,0,0,0,0,0,0,0,0
4/27/2022 3:00,0,0,0,0,0,0,0,0,0,0,0,0,0,0
4/27/2022 4:00,0,0,0,0,0,0,0,0,0,0,0,0,0,0
4/27/2022 5:00,0,0,0,0,0,0,0,0,0,0,0,0,0,0
4/27/2022 6:00,0,0,0,0,0,0,0,0,0,0,0,0,0,0
4/27/2022 7:00,0,0,0,0,0,0,0,0,0,0,0,0,0,0
4/27/2022 8:00,0,0,0,0,0,0,0,0,0,0,0,0,0,0
4/27/2022 9:00,0,0,0,0,0,0,0,0,0,0,0,0,0,0
4/27/2022 10:00,0,0,0,0,0,0,0,0,0,0,0,0,0,0
4/27/2022 11:00,0,0,0,0,0,0,0,0,0,0,0,0,0,0
4/27/2022 12:00,0,0,0,0,0,0,0,0,0,0,0,0,0,0
4/27/2022 13:00,0,0,0,0,0,0,0,0,0,0,0,0,0,0
4/27/2022 14:00,0,0,0,0,0,0,0,0,0,0,0,0,0,0
4/27/2022 15:00,0,0,0,0,0,0,0,0,0,0,0,0,0,0
4/27/2022 16:00,0,0,0,0,0,0,0,0,0,0,0,0,0,0
4/27/2022 17:00,0,0,0,0,0,0,0,0,0,0,0,0,0,0
4/27/2022 18:00,0,0,0,0,0,0,0,0,0,0,0,0,0,0
4/27/2022 19:00,0,0,0,0,0,0,0,0,0,0,0,0,0,0
4/27/2022 20:00,0,0,0,0,0,0,0,0,0,0,0,0,0,0
4/27/2022 21:00,0,0,0,0,0,0,0,0,0,0,0,0,0,0
4/27/2022 22:00,0,0,0,0,0,0,0,0,0,0,0,0,0,0
4/27/2022 23:00,0,0,0,0,0,0,0,0,0,0,0,0,0,0
4/28/2022 0:00,0,0,0,0,0,0,0,0,0,0,0,0,0,0
4/28/2022 1:00,0,0,0,0,0,0,0,0,0,0,0,0,0,0
4/28/2022 2:00,0,0,0,0,0,0,0,0,0,0,0,0,0,0
4/28/2022 3:00,0,0,0,0,0,0,0,0,0,0,0,0,0,0
4/28/2022 4:00,0,0,0,0,0,0,0,0,0,0,0,0,0,0
4/28/2022 5:00,0,0,0,0,0,0,0,0,0,0,0,0,0,0
4/28/2022 6:00,0,0,0,0,0,0,0,0,0,0,0,0,0,0
4/28/2022 7:00,0,0,0,0,0,0,0,0,0,0,0,0,0,0
4/28/2022 8:00,0,0,0,0,0,0,0,0,0,0,0,0,0,0
4/28/2022 9:00,0,0,0,0,0,0,0,0,0,0,0,0,0,0
4/28/2022 10:00,0,0,0,0,0,0,0,0,0,0,0,0,0,0
4/28/2022 11:00,0,0,0,0,0,0,0,0,0,0,0,0,0,0
4/28/2022 12:00,0,0,0,0,0,0,0,0,0,0,0,0,0,0
4/28/2022 13:00,0,0,0,0,0,0,0,0,0,0,0,0,0,0
4/28/2022 14:00,0,0,0,0,0,0,0,0,0,0,0,0,0,0
4/28/2022 15:00,0,0,0,0,0,0,0,0,0,0,0,0,0,0
4/28/2022 16:00,0,0,0,0,0,0,0,0,0,0,0,0,0,0
4/28/2022 17:00,0,0,0,0,0,0,0,0,0,0,0,0,0,0
4/28/2022 18:00,0,0,0,0,0,0,0,0,0,0,0,0,0,0
4/28/2022 19:00,0,0,0,0,0,0,0,0,0,0,0,0,0,0
4/28/2022 20:00,0,0,0,0,0,0,0,0,0,0,0,0,0,0
4/28/2022 21:00,0,0,0,0,0,0,0,0,0,0,0,0,0,0
4/28/2022 22:00,0,0,0,0,0,0,0,0,0,0,0,0,0,0
4/28/2022 23:00,0,0,0,0,0,0,0,0,0,0,0,0,0,0
4/29/2022 0:00,0,0,0,0,0,0,0,0,0,0,0,0,0,0
4/29/2022 1:00,0,0,0,0,0,0,0,0,0,0,0,0,0,0
4/29/2022 2:00,0,0,0,0,0,0,0,0,0,0,0,0,0,0
4/29/2022 3:00,0,0,0,0,0,0,0,0,0,0,0,0,0,0
4/29/2022 4:00,0,0,0,0,0,0,0,0,0,0,0,0,0,0
4/29/2022 5:00,0,0,0,0,0,0,0,0,0,0,0,0,0,0
4/29/2022 6:00,0,0,0,0,0,0,0,0,0,0,0,0,0,0
4/29/2022 7:00,0,0,0,0,0,0,0,0,0,0,0,0,0,0
4/29/2022 8:00,0,0,0,0,0,0,0,0,0,0,0,0,0,0
4/29/2022 9:00,0,0,0,0,0,0,0,0,0,0,0,0,0,0
4/29/2022 10:00,0,0,0,0,0,0,0,0,0,0,0,0,0,0
4/29/2022 11:00,0,0,0,0,0,0,0,0,0,0,0,0,0,0
4/29/2022 12:00,0,0,0,0,0,0,0,0,0,0,0,0,0,0
4/29/2022 13:00,0,0,0,0,0,0,0,0,0,0,0,0,0,0
4/29/2022 14:00,0,0,0,0,0,0,0,0,0,0,0,0,0,0
4/29/2022 15:00,0,0,0,0,0,0,0,0,0,0,0,0,0,0
4/29/2022 16:00,0,0,0,0,0,0,0,0,0,0,0,0,0,0
4/29/2022 17:00,0,0,0,0,0,0,0,0,0,0,0,0,0,0
4/29/2022 18:00,0,0,0,0,0,0,0,0,0,0,0,0,0,0
4/29/2022 19:00,0,0,0,0,0,0,0,0,0,0,0,0,0,0
4/29/2022 20:00,0,0,0,0,0,0,0,0,0,0,0,0,0,0
4/29/2022 21:00,0,0,0,0,0,0,0,0,0,0,0,0,0,0
4/29/2022 22:00,0,0,0,0,0,0,0,0,0,0,0,0,0,0
4/29/2022 23:00,0,0,0,0,0,0,0,0,0,0,0,0,0,0
4/30/2022 0:00,0,0,0,0,0,0,0,0,0,0,0,0,0,0
4/30/2022 1:00,0,0,0,0,0,0,0,0,0,0,0,0,0,0
4/30/2022 2:00,0,0,0,0,0,0,0,0,0,0,0,0,0,0
4/30/2022 3:00,0,0,0,0,0,0,0,0,0,0,0,0,0,0
4/30/2022 4:00,0,0,0,0,0,0,0,0,0,0,0,0,0,0
4/30/2022 5:00,0,0,0,0,0,0,0,0,0,0,0,0,0,0
4/30/2022 6:00,0,0,0,0,0,0,0,0,0,0,0,0,0,0
4/30/2022 7:00,0,0,0,0,0,0,0,0,0,0,0,0,0,0
4/30/2022 8:00,0,0,0,0,0,0,0,0,0,0,0,0,0,0
4/30/2022 9:00,0,0,0,0,0,0,0,0,0,0,0,0,0,0
4/30/2022 10:00,0,0,0,0,0,0,0,0,0,0,0,0,0,0
4/30/2022 11:00,0,0,0,0,0,0,0,0,0,0,0,0,0,0
4/30/2022 12:00,0,0,0,0,0,0,0,0,0,0,0,0,0,0
4/30/2022 13:00,0,0,0,0,0,0,0,0,0,0,0,0,0,0
4/30/2022 14:00,0,0,0,0,0,0,0,0,0,0,0,0,0,0
4/30/2022 15:00,0,0,0,0,0,0,0,0,0,0,0,0,0,0
4/30/2022 16:00,0,0,0,0,0,0,0,0,0,0,0,0,0,0
4/30/2022 17:00,0,0,0,0,0,0,0,0,0,0,0,0,0,0
4/30/2022 18:00,0,0,0,0,0,0,0,0,0,0,0,0,0,0
4/30/2022 19:00,0,0,0,0,0,0,0,0,0,0,0,0,0,0
4/30/2022 20:00,0,0,0,0,0,0,0,0,0,0,0,0,0,0
4/30/2022 21:00,0,0,0,0,0,0,0,0,0,0,0,0,0,0
4/30/2022 22:00,0,0,0,0,0,0,0,0,0,0,0,0,0,0
4/30/2022 23:00,0,0,0,0,0,0,0,0,0,0,0,0,0,0
5/1/2022 0:00,0,0,0,0,0,0,0,0,0,0,0,0,0,0
5/1/2022 1:00,0,0,0,0,0,0,0,0,0,0,0,0,0,0
5/1/2022 2:00,0,0,0,0,0,0,0,0,0,0,0,0,0,0
5/1/2022 3:00,0,0,0,0,0,0,0,0,0,0,0,0,0,0
5/1/2022 4:00,0,0,0,0,0,0,0,0,0,0,0,0,0,0
5/1/2022 5:00,0,0,0,0,0,0,0,0,0,0,0,0,0,0
5/1/2022 6:00,0,0,0,0,0,0,0,0,0,0,0,0,0,0
5/1/2022 7:00,0,0,0,0,0,0,0,0,0,0,0,0,0,0
5/1/2022 8:00,0,0,0,0,0,0,0,0,0,0,0,0,0,0
5/1/2022 9:00,0,0,0,0,0,0,0,0,0,0,0,0,0,0
5/1/2022 10:00,0,0,0,0,0,0,0,0,0,0,0,0,0,0
5/1/2022 11:00,0,0,0,0,0,0,0,0,0,0,0,0,0,0
5/1/2022 12:00,0,0,0,0,0,0,0,0,0,0,0,0,0,0
5/1/2022 13:00,0,0,0,0,0,0,0,0,0,0,0,0,0,0
5/1/2022 14:00,0,0,0,0,0,0,0,0,0,0,0,0,0,0
5/1/2022 15:00,0,0,0,0,0,0,0,0,0,0,0,0,0,0
5/1/2022 16:00,0,0,0,0,0,0,0,0,0,0,0,0,0,0
5/1/2022 17:00,0,0,0,0,0,0,0,0,0,0,0,0,0,0
5/1/2022 18:00,0,0,0,0,0,0,0,0,0,0,0,0,0,0
5/1/2022 19:00,0,0,0,0,0,0,0,0,0,0,0,0,0,0
5/1/2022 20:00,0,0,0,0,0,0,0,0,0,0,0,0,0,0
5/1/2022 21:00,0,0,0,0,0,0,0,0,0,0,0,0,0,0
5/1/2022 22:00,0,0,0,0,0,0,0,0,0,0,0,0,0,0
5/1/2022 23:00,0,0,0,0,0,0,0,0,0,0,0,0,0,0
5/2/2022 0:00,0,0,0,0,0,0,0,0,0,0,0,0,0,0
5/2/2022 1:00,0,0,0,0,0,0,0,0,0,0,0,0,0,0
5/2/2022 2:00,0,0,0,0,0,0,0,0,0,0,0,0,0,0
5/2/2022 3:00,0,0,0,0,0,0,0,0,0,0,0,0,0,0
5/2/2022 4:00,0,0,0,0,0,0,0,0,0,0,0,0,0,0
5/2/2022 5:00,0,0,0,0,0,0,0,0,0,0,0,0,0,0
5/2/2022 6:00,0,0,0,0,0,0,0,0,0,0,0,0,0,0
5/2/2022 7:00,0,0,0,0,0,0,0,0,0,0,0,0,0,0
5/2/2022 8:00,0,0,0,0,0,0,0,0,0,0,0,0,0,0
5/2/2022 9:00,0,0,0,0,0,0,0,0,0,0,0,0,0,0
5/2/2022 10:00,0,0,0,0,0,0,0,0,0,0,0,0,0,0
5/2/2022 11:00,0,0,0,0,0,0,0,0,0,0,0,0,0,0
5/2/2022 12:00,0,0,0,0,0,0,0,0,0,0,0,0,0,0
5/2/2022 13:00,0,0,0,0,0,0,0,0,0,0,0,0,0,0
5/2/2022 14:00,0,0,0,0,0,0,0,0,0,0,0,0,0,0
5/2/2022 15:00,0,0,0,0,0,0,0,0,0,0,0,0,0,0
5/2/2022 16:00,0,0,0,0,0,0,0,0,0,0,0,0,0,0
5/2/2022 17:00,0,0,0,0,0,0,0,0,0,0,0,0,0,0
5/2/2022 18:00,0,0,0,0,0,0,0,0,0,0,0,0,0,0
5/2/2022 19:00,0,0,0,0,0,0,0,0,0,0,0,0,0,0
5/2/2022 20:00,0,0,0,0,0,0,0,0,0,0,0,0,0,0
5/2/2022 21:00,0,0,0,0,0,0,0,0,0,0,0,0,0,0
5/2/2022 22:00,0,0,0,0,0,0,0,0,0,0,0,0,0,0
5/2/2022 23:00,0,0,0,0,0,0,0,0,0,0,0,0,0,0
5/3/2022 0:00,0,0,0,0,0,0,0,0,0,0,0,0,0,0
5/3/2022 1:00,0,0,0,0,0,0,0,0,0,0,0,0,0,0
5/3/2022 2:00,0,0,0,0,0,0,0,0,0,0,0,0,0,0
5/3/2022 3:00,0,0,0,0,0,0,0,0,0,0,0,0,0,0
5/3/2022 4:00,0,0,0,0,0,0,0,0,0,0,0,0,0,0
5/3/2022 5:00,0,0,0,0,0,0,0,0,0,0,0,0,0,0
5/3/2022 6:00,0,0,0,0,0,0,0,0,0,0,0,0,0,0
5/3/2022 7:00,0,0,0,0,0,0,0,0,0,0,0,0,0,0
5/3/2022 8:00,0,0,0,0,0,0,0,0,0,0,0,0,0,0
5/3/2022 9:00,0,0,0,0,0,0,0,0,0,0,0,0,0,0
5/3/2022 10:00,0,0,0,0,0,0,0,0,0,0,0,0,0,0
5/3/2022 11:00,0,0,0,0,0,0,0,0,0,0,0,0,0,0
5/3/2022 12:00,0,0,0,0,0,0,0,0,0,0,0,0,0,0
5/3/2022 13:00,0,0,0,0,0,0,0,0,0,0,0,0,0,0
5/3/2022 14:00,0,0,0,0,0,0,0,0,0,0,0,0,0,0
5/3/2022 15:00,0,0,0,0,0,0,0,0,0,0,0,0,0,0
5/3/2022 16:00,0,0,0,0,0,0,0,0,0,0,0,0,0,0
5/3/2022 17:00,0,0,0,0,0,0,0,0,0,0,0,0,0,0
5/3/2022 18:00,0,0,0,0,0,0,0,0,0,0,0,0,0,0
5/3/2022 19:00,0,0,0,0,0,0,0,0,0,0,0,0,0,0
5/3/2022 20:00,0,0,0,0,0,0,0,0,0,0,0,0,0,0
5/3/2022 21:00,0,0,0,0,0,0,0,0,0,0,0,0,0,0
5/3/2022 22:00,0,0,0,0,0,0,0,0,0,0,0,0,0,0
5/3/2022 23:00,0,0,0,0,0,0,0,0,0,0,0,0,0,0
5/4/2022 0:00,0,0,0,0,0,0,0,0,0,0,0,0,0,0
5/4/2022 1:00,0,0,0,0,0,0,0,0,0,0,0,0,0,0
5/4/2022 2:00,0,0,0,0,0,0,0,0,0,0,0,0,0,0
5/4/2022 3:00,0,0,0,0,0,0,0,0,0,0,0,0,0,0
5/4/2022 4:00,0,0,0,0,0,0,0,0,0,0,0,0,0,0
5/4/2022 5:00,0,0,0,0,0,0,0,0,0,0,0,0,0,0
5/4/2022 6:00,0,0,0,0,0,0,0,0,0,0,0,0,0,0
5/4/2022 7:00,0,0,0,0,0,0,0,0,0,0,0,0,0,0
5/4/2022 8:00,0,0,0,0,0,0,0,0,0,0,0,0,0,0
5/4/2022 9:00,0,0,0,0,0,0,0,0,0,0,0,0,0,0
5/4/2022 10:00,0,0,0,0,0,0,0,0,0,0,0,0,0,0
5/4/2022 11:00,0,0,0,0,0,0,0,0,0,0,0,0,0,0
5/4/2022 12:00,0,0,0,0,0,0,0,0,0,0,0,0,0,0
5/4/2022 13:00,0,0,0,0,0,0,0,0,0,0,0,0,0,0
5/4/2022 14:00,0,0,0,0,0,0,0,0,0,0,0,0,0,0
5/4/2022 15:00,0,0,0,0,0,0,0,0,0,0,0,0,0,0
5/4/2022 16:00,0,0,0,0,0,0,0,0,0,0,0,0,0,0
5/4/2022 17:00,0,0,0,0,0,0,0,0,0,0,0,0,0,0
5/4/2022 18:00,0,0,0,0,0,0,0,0,0,0,0,0,0,0
5/4/2022 19:00,0,0,0,0,0,0,0,0,0,0,0,0,0,0
5/4/2022 20:00,0,0,0,0,0,0,0,0,0,0,0,0,0,0
5/4/2022 21:00,0,0,0,0,0,0,0,0,0,0,0,0,0,0
5/4/2022 22:00,0,0,0,0,0,0,0,0,0,0,0,0,0,0
5/4/2022 23:00,0,0,0,0,0,0,0,0,0,0,0,0,0,0
5/5/2022 0:00,0,0,0,0,0,0,0,0,0,0,0,0,0,0
5/5/2022 1:00,0,0,0,0,0,0,0,0,0,0,0,0,0,0
5/5/2022 2:00,0,0,0,0,0,0,0,0,0,0,0,0,0,0
5/5/2022 3:00,0,0,0,0,0,0,0,0,0,0,0,0,0,0
5/5/2022 4:00,0,0,0,0,0,0,0,0,0,0,0,0,0,0
5/5/2022 5:00,0,0,0,0,0,0,0,0,0,0,0,0,0,0
5/5/2022 6:00,0,0,0,0,0,0,0,0,0,0,0,0,0,0
5/5/2022 7:00,0,0,0,0,0,0,0,0,0,0,0,0,0,0
5/5/2022 8:00,0,0,0,0,0,0,0,0,0,0,0,0,0,0
5/5/2022 9:00,0,0,0,0,0,0,0,0,0,0,0,0,0,0
5/5/2022 10:00,0,0,0,0,0,0,0,0,0,0,0,0,0,0
5/5/2022 11:00,0,0,0,0,0,0,0,0,0,0,0,0,0,0
5/5/2022 12:00,0,0,0,0,0,0,0,0,0,0,0,0,0,0
5/5/2022 13:00,0,0,0,0,0,0,0,0,0,0,0,0,0,0
5/5/2022 14:00,0,0,0,0,0,0,0,0,0,0,0,0,0,0
5/5/2022 15:00,0,0,0,0,0,0,0,0,0,0,0,0,0,0
5/5/2022 16:00,0,0,0,0,0,0,0,0,0,0,0,0,0,0
5/5/2022 17:00,0,0,0,0,0,0,0,0,0,0,0,0,0,0
5/5/2022 18:00,0,0,0,0,0,0,0,0,0,0,0,0,0,0
5/5/2022 19:00,0,0,0,0,0,0,0,0,0,0,0,0,0,0
5/5/2022 20:00,0,0,0,0,0,0,0,0,0,0,0,0,0,0
5/5/2022 21:00,0,0,0,0,0,0,0,0,0,0,0,0,0,0
5/5/2022 22:00,0,0,0,0,0,0,0,0,0,0,0,0,0,0
5/5/2022 23:00,0,0,0,0,0,0,0,0,0,0,0,0,0,0
5/6/2022 0:00,0,0,0,0,0,0,0,0,0,0,0,0,0,0
5/6/2022 1:00,0,0,0,0,0,0,0,0,0,0,0,0,0,0
5/6/2022 2:00,0,0,0,0,0,0,0,0,0,0,0,0,0,0
5/6/2022 3:00,0,0,0,0,0,0,0,0,0,0,0,0,0,0
5/6/2022 4:00,0,0,0,0,0,0,0,0,0,0,0,0,0,0
5/6/2022 5:00,0,0,0,0,0,0,0,0,0,0,0,0,0,0
5/6/2022 6:00,0,0,0,0,0,0,0,0,0,0,0,0,0,0
5/6/2022 7:00,0,0,0,0,0,0,0,0,0,0,0,0,0,0
5/6/2022 8:00,0,0,0,0,0,0,0,0,0,0,0,0,0,0
5/6/2022 9:00,0,0,0,0,0,0,0,0,0,0,0,0,0,0
5/6/2022 10:00,0,0,0,0,0,0,0,0,0,0,0,0,0,0
5/6/2022 11:00,0,0,0,0,0,0,0,0,0,0,0,0,0,0
5/6/2022 12:00,0,0,0,0,0,0,0,0,0,0,0,0,0,0
5/6/2022 13:00,0,0,0,0,0,0,0,0,0,0,0,0,0,0
5/6/2022 14:00,0,0,0,0,0,0,0,0,0,0,0,0,0,0
5/6/2022 15:00,0,0,0,0,0,0,0,0,0,0,0,0,0,0
5/6/2022 16:00,0,0,0,0,0,0,0,0,0,0,0,0,0,0
5/6/2022 17:00,0,0,0,0,0,0,0,0,0,0,0,0,0,0
5/6/2022 18:00,0,0,0,0,0,0,0,0,0,0,0,0,0,0
5/6/2022 19:00,0,0,0,0,0,0,0,0,0,0,0,0,0,0
5/6/2022 20:00,0,0,0,0,0,0,0,0,0,0,0,0,0,0
5/6/2022 21:00,0,0,0,0,0,0,0,0,0,0,0,0,0,0
5/6/2022 22:00,0,0,0,0,0,0,0,0,0,0,0,0,0,0
5/6/2022 23:00,0,0,0,0,0,0,0,0,0,0,0,0,0,0
5/7/2022 0:00,0,0,0,0,0,0,0,0,0,0,0,0,0,0
5/7/2022 1:00,0,0,0,0,0,0,0,0,0,0,0,0,0,0
5/7/2022 2:00,0,0,0,0,0,0,0,0,0,0,0,0,0,0
5/7/2022 3:00,0,0,0,0,0,0,0,0,0,0,0,0,0,0
5/7/2022 4:00,0,0,0,0,0,0,0,0,0,0,0,0,0,0
5/7/2022 5:00,0,0,0,0,0,0,0,0,0,0,0,0,0,0
5/7/2022 6:00,0,0,0,0,0,0,0,0,0,0,0,0,0,0
5/7/2022 7:00,0,0,0,0,0,0,0,0,0,0,0,0,0,0
5/7/2022 8:00,0,0,0,0,0,0,0,0,0,0,0,0,0,0
5/7/2022 9:00,0,0,0,0,0,0,0,0,0,0,0,0,0,0
5/7/2022 10:00,0,0,0,0,0,0,0,0,0,0,0,0,0,0
5/7/2022 11:00,0,0,0,0,0,0,0,0,0,0,0,0,0,0
5/7/2022 12:00,0,0,0,0,0,0,0,0,0,0,0,0,0,0
5/7/2022 13:00,0,0,0,0,0,0,0,0,0,0,0,0,0,0
5/7/2022 14:00,0,0,0,0,0,0,0,0,0,0,0,0,0,0
5/7/2022 15:00,0,0,0,0,0,0,0,0,0,0,0,0,0,0
5/7/2022 16:00,0,0,0,0,0,0,0,0,0,0,0,0,0,0
5/7/2022 17:00,0,0,0,0,0,0,0,0,0,0,0,0,0,0
5/7/2022 18:00,0,0,0,0,0,0,0,0,0,0,0,0,0,0
5/7/2022 19:00,0,0,0,0,0,0,0,0,0,0,0,0,0,0
5/7/2022 20:00,0,0,0,0,0,0,0,0,0,0,0,0,0,0
5/7/2022 21:00,0,0,0,0,0,0,0,0,0,0,0,0,0,0
5/7/2022 22:00,0,0,0,0,0,0,0,0,0,0,0,0,0,0
5/7/2022 23:00,0,0,0,0,0,0,0,0,0,0,0,0,0,0
5/8/2022 0:00,0,0,0,0,0,0,0,0,0,0,0,0,0,0
5/8/2022 1:00,0,0,0,0,0,0,0,0,0,0,0,0,0,0
5/8/2022 2:00,0,0,0,0,0,0,0,0,0,0,0,0,0,0
5/8/2022 3:00,0,0,0,0,0,0,0,0,0,0,0,0,0,0
5/8/2022 4:00,0,0,0,0,0,0,0,0,0,0,0,0,0,0
5/8/2022 5:00,0,0,0,0,0,0,0,0,0,0,0,0,0,0
5/8/2022 6:00,0,0,0,0,0,0,0,0,0,0,0,0,0,0
5/8/2022 7:00,0,0,0,0,0,0,0,0,0,0,0,0,0,0
5/8/2022 8:00,0,0,0,0,0,0,0,0,0,0,0,0,0,0
5/8/2022 9:00,0,0,0,0,0,0,0,0,0,0,0,0,0,0
5/8/2022 10:00,0,0,0,0,0,0,0,0,0,0,0,0,0,0
5/8/2022 11:00,0,0,0,0,0,0,0,0,0,0,0,0,0,0
5/8/2022 12:00,0,0,0,0,0,0,0,0,0,0,0,0,0,0
5/8/2022 13:00,0,0,0,0,0,0,0,0,0,0,0,0,0,0
5/8/2022 14:00,0,0,0,0,0,0,0,0,0,0,0,0,0,0
5/8/2022 15:00,0,0,0,0,0,0,0,0,0,0,0,0,0,0
5/8/2022 16:00,0,0,0,0,0,0,0,0,0,0,0,0,0,0
5/8/2022 17:00,0,0,0,0,0,0,0,0,0,0,0,0,0,0
5/8/2022 18:00,0,0,0,0,0,0,0,0,0,0,0,0,0,0
5/8/2022 19:00,0,0,0,0,0,0,0,0,0,0,0,0,0,0
5/8/2022 20:00,0,0,0,0,0,0,0,0,0,0,0,0,0,0
5/8/2022 21:00,0,0,0,0,0,0,0,0,0,0,0,0,0,0
5/8/2022 22:00,0,0,0,0,0,0,0,0,0,0,0,0,0,0
5/8/2022 23:00,0,0,0,0,0,0,0,0,0,0,0,0,0,0
5/9/2022 0:00,0,0,0,0,0,0,0,0,0,0,0,0,0,0
5/9/2022 1:00,0,0,0,0,0,0,0,0,0,0,0,0,0,0
5/9/2022 2:00,0,0,0,0,0,0,0,0,0,0,0,0,0,0
5/9/2022 3:00,0,0,0,0,0,0,0,0,0,0,0,0,0,0
5/9/2022 4:00,0,0,0,0,0,0,0,0,0,0,0,0,0,0
5/9/2022 5:00,0,0,0,0,0,0,0,0,0,0,0,0,0,0
5/9/2022 6:00,0,0,0,0,0,0,0,0,0,0,0,0,0,0
5/9/2022 7:00,0,0,0,0,0,0,0,0,0,0,0,0,0,0
5/9/2022 8:00,0,0,0,0,0,0,0,0,0,0,0,0,0,0
5/9/2022 9:00,0,0,0,0,0,0,0,0,0,0,0,0,0,0
5/9/2022 10:00,0,0,0,0,0,0,0,0,0,0,0,0,0,0
5/9/2022 11:00,0,0,0,0,0,0,0,0,0,0,0,0,0,0
5/9/2022 12:00,0,0,0,0,0,0,0,0,0,0,0,0,0,0
5/9/2022 13:00,0,0,0,0,0,0,0,0,0,0,0,0,0,0
5/9/2022 14:00,0,0,0,0,0,0,0,0,0,0,0,0,0,0
5/9/2022 15:00,0,0,0,0,0,0,0,0,0,0,0,0,0,0
5/9/2022 16:00,0,0,0,0,0,0,0,0,0,0,0,0,0,0
5/9/2022 17:00,0,0,0,0,0,0,0,0,0,0,0,0,0,0
5/9/2022 18:00,0,0,0,0,0,0,0,0,0,0,0,0,0,0
5/9/2022 19:00,0,0,0,0,0,0,0,0,0,0,0,0,0,0
5/9/2022 20:00,0,0,0,0,0,0,0,0,0,0,0,0,0,0
5/9/2022 21:00,0,0,0,0,0,0,0,0,0,0,0,0,0,0
5/9/2022 22:00,0,0,0,0,0,0,0,0,0,0,0,0,0,0
5/9/2022 23:00,0,0,0,0,0,0,0,0,0,0,0,0,0,0
5/10/2022 0:00,0,0,0,0,0,0,0,0,0,0,0,0,0,0
5/10/2022 1:00,0,0,0,0,0,0,0,0,0,0,0,0,0,0
5/10/2022 2:00,0,0,0,0,0,0,0,0,0,0,0,0,0,0
5/10/2022 3:00,0,0,0,0,0,0,0,0,0,0,0,0,0,0
5/10/2022 4:00,0,0,0,0,0,0,0,0,0,0,0,0,0,0
5/10/2022 5:00,0,0,0,0,0,0,0,0,0,0,0,0,0,0
5/10/2022 6:00,0,0,0,0,0,0,0,0,0,0,0,0,0,0
5/10/2022 7:00,0,0,0,0,0,0,0,0,0,0,0,0,0,0
5/10/2022 8:00,0,0,0,0,0,0,0,0,0,0,0,0,0,0
5/10/2022 9:00,0,0,0,0,0,0,0,0,0,0,0,0,0,0
5/10/2022 10:00,0,0,0,0,0,0,0,0,0,0,0,0,0,0
5/10/2022 11:00,0,0,0,0,0,0,0,0,0,0,0,0,0,0
5/10/2022 12:00,0,0,0,0,0,0,0,0,0,0,0,0,0,0
5/10/2022 13:00,0,0,0,0,0,0,0,0,0,0,0,0,0,0
5/10/2022 14:00,0,0,0,0,0,0,0,0,0,0,0,0,0,0
5/10/2022 15:00,0,0,0,0,0,0,0,0,0,0,0,0,0,0
5/10/2022 16:00,0,0,0,0,0,0,0,0,0,0,0,0,0,0
5/10/2022 17:00,0,0,0,0,0,0,0,0,0,0,0,0,0,0
5/10/2022 18:00,0,0,0,0,0,0,0,0,0,0,0,0,0,0
5/10/2022 19:00,0,0,0,0,0,0,0,0,0,0,0,0,0,0
5/10/2022 20:00,0,0,0,0,0,0,0,0,0,0,0,0,0,0
5/10/2022 21:00,0,0,0,0,0,0,0,0,0,0,0,0,0,0
5/10/2022 22:00,0,0,0,0,0,0,0,0,0,0,0,0,0,0
5/10/2022 23:00,0,0,0,0,0,0,0,0,0,0,0,0,0,0
5/11/2022 0:00,0,0,0,0,0,0,0,0,0,0,0,0,0,0
5/11/2022 1:00,0,0,0,0,0,0,0,0,0,0,0,0,0,0
5/11/2022 2:00,0,0,0,0,0,0,0,0,0,0,0,0,0,0
5/11/2022 3:00,0,0,0,0,0,0,0,0,0,0,0,0,0,0
5/11/2022 4:00,0,0,0,0,0,0,0,0,0,0,0,0,0,0
5/11/2022 5:00,0,0,0,0,0,0,0,0,0,0,0,0,0,0
5/11/2022 6:00,0,0,0,0,0,0,0,0,0,0,0,0,0,0
5/11/2022 7:00,0,0,0,0,0,0,0,0,0,0,0,0,0,0
5/11/2022 8:00,0,0,0,0,0,0,0,0,0,0,0,0,0,0
5/11/2022 9:00,0,0,0,0,0,0,0,0,0,0,0,0,0,0
5/11/2022 10:00,0,0,0,0,0,0,0,0,0,0,0,0,0,0
5/11/2022 11:00,0,0,0,0,0,0,0,0,0,0,0,0,0,0
5/11/2022 12:00,0,0,0,0,0,0,0,0,0,0,0,0,0,0
5/11/2022 13:00,0,0,0,0,0,0,0,0,0,0,0,0,0,0
5/11/2022 14:00,0,0,0,0,0,0,0,0,0,0,0,0,0,0
5/11/2022 15:00,0,0,0,0,0,0,0,0,0,0,0,0,0,0
5/11/2022 16:00,0,0,0,0,0,0,0,0,0,0,0,0,0,0
5/11/2022 17:00,0,0,0,0,0,0,0,0,0,0,0,0,0,0
5/11/2022 18:00,0,0,0,0,0,0,0,0,0,0,0,0,0,0
5/11/2022 19:00,0,0,0,0,0,0,0,0,0,0,0,0,0,0
5/11/2022 20:00,0,0,0,0,0,0,0,0,0,0,0,0,0,0
5/11/2022 21:00,0,0,0,0,0,0,0,0,0,0,0,0,0,0
5/11/2022 22:00,0,0,0,0,0,0,0,0,0,0,0,0,0,0
5/11/2022 23:00,0,0,0,0,0,0,0,0,0,0,0,0,0,0
5/12/2022 0:00,0,0,0,0,0,0,0,0,0,0,0,0,0,0
5/12/2022 1:00,0,0,0,0,0,0,0,0,0,0,0,0,0,0
5/12/2022 2:00,0,0,0,0,0,0,0,0,0,0,0,0,0,0
5/12/2022 3:00,0,0,0,0,0,0,0,0,0,0,0,0,0,0
5/12/2022 4:00,0,0,0,0,0,0,0,0,0,0,0,0,0,0
5/12/2022 5:00,0,0,0,0,0,0,0,0,0,0,0,0,0,0
5/12/2022 6:00,0,0,0,0,0,0,0,0,0,0,0,0,0,0
5/12/2022 7:00,0,0,0,0,0,0,0,0,0,0,0,0,0,0
5/12/2022 8:00,0,0,0,0,0,0,0,0,0,0,0,0,0,0
5/12/2022 9:00,0,0,0,0,0,0,0,0,0,0,0,0,0,0
5/12/2022 10:00,0,0,0,0,0,0,0,0,0,0,0,0,0,0
5/12/2022 11:00,0,0,0,0,0,0,0,0,0,0,0,0,0,0
5/12/2022 12:00,0,0,0,0,0,0,0,0,0,0,0,0,0,0
5/12/2022 13:00,0,0,0,0,0,0,0,0,0,0,0,0,0,0
5/12/2022 14:00,0,0,0,0,0,0,0,0,0,0,0,0,0,0
5/12/2022 15:00,0,0,0,0,0,0,0,0,0,0,0,0,0,0
5/12/2022 16:00,0,0,0,0,0,0,0,0,0,0,0,0,0,0
5/12/2022 17:00,0,0,0,0,0,0,0,0,0,0,0,0,0,0
5/12/2022 18:00,0,0,0,0,0,0,0,0,0,0,0,0,0,0
5/12/2022 19:00,0,0,0,0,0,0,0,0,0,0,0,0,0,0
5/12/2022 20:00,0,0,0,0,0,0,0,0,0,0,0,0,0,0
5/12/2022 21:00,0,0,0,0,0,0,0,0,0,0,0,0,0,0
5/12/2022 22:00,0,0,0,0,0,0,0,0,0,0,0,0,0,0
5/12/2022 23:00,0,0,0,0,0,0,0,0,0,0,0,0,0,0
5/13/2022 0:00,0,0,0,0,0,0,0,0,0,0,0,0,0,0
5/13/2022 1:00,0,0,0,0,0,0,0,0,0,0,0,0,0,0
5/13/2022 2:00,0,0,0,0,0,0,0,0,0,0,0,0,0,0
5/13/2022 3:00,0,0,0,0,0,0,0,0,0,0,0,0,0,0
5/13/2022 4:00,0,0,0,0,0,0,0,0,0,0,0,0,0,0
5/13/2022 5:00,0,0,0,0,0,0,0,0,0,0,0,0,0,0
5/13/2022 6:00,0,0,0,0,0,0,0,0,0,0,0,0,0,0
5/13/2022 7:00,0,0,0,0,0,0,0,0,0,0,0,0,0,0
5/13/2022 8:00,0,0,0,0,0,0,0,0,0,0,0,0,0,0
5/13/2022 9:00,0,0,0,0,0,0,0,0,0,0,0,0,0,0
5/13/2022 10:00,0,0,0,0,0,0,0,0,0,0,0,0,0,0
5/13/2022 11:00,0,0,0,0,0,0,0,0,0,0,0,0,0,0
5/13/2022 12:00,0,0,0,0,0,0,0,0,0,0,0,0,0,0
5/13/2022 13:00,0,0,0,0,0,0,0,0,0,0,0,0,0,0
5/13/2022 14:00,0,0,0,0,0,0,0,0,0,0,0,0,0,0
5/13/2022 15:00,0,0,0,0,0,0,0,0,0,0,0,0,0,0
5/13/2022 16:00,0,0,0,0,0,0,0,0,0,0,0,0,0,0
5/13/2022 17:00,0,0,0,0,0,0,0,0,0,0,0,0,0,0
5/13/2022 18:00,0,0,0,0,0,0,0,0,0,0,0,0,0,0
5/13/2022 19:00,0,0,0,0,0,0,0,0,0,0,0,0,0,0
5/13/2022 20:00,0,0,0,0,0,0,0,0,0,0,0,0,0,0
5/13/2022 21:00,0,0,0,0,0,0,0,0,0,0,0,0,0,0
5/13/2022 22:00,0,0,0,0,0,0,0,0,0,0,0,0,0,0
5/13/2022 23:00,0,0,0,0,0,0,0,0,0,0,0,0,0,0
5/14/2022 0:00,0,0,0,0,0,0,0,0,0,0,0,0,0,0
5/14/2022 1:00,0,0,0,0,0,0,0,0,0,0,0,0,0,0
5/14/2022 2:00,0,0,0,0,0,0,0,0,0,0,0,0,0,0
5/14/2022 3:00,0,0,0,0,0,0,0,0,0,0,0,0,0,0
5/14/2022 4:00,0,0,0,0,0,0,0,0,0,0,0,0,0,0
5/14/2022 5:00,0,0,0,0,0,0,0,0,0,0,0,0,0,0
5/14/2022 6:00,0,0,0,0,0,0,0,0,0,0,0,0,0,0
5/14/2022 7:00,0,0,0,0,0,0,0,0,0,0,0,0,0,0
5/14/2022 8:00,0,0,0,0,0,0,0,0,0,0,0,0,0,0
5/14/2022 9:00,0,0,0,0,0,0,0,0,0,0,0,0,0,0
5/14/2022 10:00,0,0,0,0,0,0,0,0,0,0,0,0,0,0
5/14/2022 11:00,0,0,0,0,0,0,0,0,0,0,0,0,0,0
5/14/2022 12:00,0,0,0,0,0,0,0,0,0,0,0,0,0,0
5/14/2022 13:00,0,0,0,0,0,0,0,0,0,0,0,0,0,0
5/14/2022 14:00,0,0,0,0,0,0,0,0,0,0,0,0,0,0
5/14/2022 15:00,0,0,0,0,0,0,0,0,0,0,0,0,0,0
5/14/2022 16:00,0,0,0,0,0,0,0,0,0,0,0,0,0,0
5/14/2022 17:00,0,0,0,0,0,0,0,0,0,0,0,0,0,0
5/14/2022 18:00,0,0,0,0,0,0,0,0,0,0,0,0,0,0
5/14/2022 19:00,0,0,0,0,0,0,0,0,0,0,0,0,0,0
5/14/2022 20:00,0,0,0,0,0,0,0,0,0,0,0,0,0,0
5/14/2022 21:00,0,0,0,0,0,0,0,0,0,0,0,0,0,0
5/14/2022 22:00,0,0,0,0,0,0,0,0,0,0,0,0,0,0
5/14/2022 23:00,0,0,0,0,0,0,0,0,0,0,0,0,0,0
5/15/2022 0:00,0,0,0,0,0,0,0,0,0,0,0,0,0,0
5/15/2022 1:00,0,0,0,0,0,0,0,0,0,0,0,0,0,0
5/15/2022 2:00,0,0,0,0,0,0,0,0,0,0,0,0,0,0
5/15/2022 3:00,0,0,0,0,0,0,0,0,0,0,0,0,0,0
5/15/2022 4:00,0,0,0,0,0,0,0,0,0,0,0,0,0,0
5/15/2022 5:00,0,0,0,0,0,0,0,0,0,0,0,0,0,0
5/15/2022 6:00,0,0,0,0,0,0,0,0,0,0,0,0,0,0
5/15/2022 7:00,0,0,0,0,0,0,0,0,0,0,0,0,0,0
5/15/2022 8:00,0,0,0,0,0,0,0,0,0,0,0,0,0,0
5/15/2022 9:00,0,0,0,0,0,0,0,0,0,0,0,0,0,0
5/15/2022 10:00,0,0,0,0,0,0,0,0,0,0,0,0,0,0
5/15/2022 11:00,0,0,0,0,0,0,0,0,0,0,0,0,0,0
5/15/2022 12:00,0,0,0,0,0,0,0,0,0,0,0,0,0,0
5/15/2022 13:00,0,0,0,0,0,0,0,0,0,0,0,0,0,0
5/15/2022 14:00,0,0,0,0,0,0,0,0,0,0,0,0,0,0
5/15/2022 15:00,0,0,0,0,0,0,0,0,0,0,0,0,0,0
5/15/2022 16:00,0,0,0,0,0,0,0,0,0,0,0,0,0,0
5/15/2022 17:00,0,0,0,0,0,0,0,0,0,0,0,0,0,0
5/15/2022 18:00,0,0,0,0,0,0,0,0,0,0,0,0,0,0
5/15/2022 19:00,0,0,0,0,0,0,0,0,0,0,0,0,0,0
5/15/2022 20:00,0,0,0,0,0,0,0,0,0,0,0,0,0,0
5/15/2022 21:00,0,0,0,0,0,0,0,0,0,0,0,0,0,0
5/15/2022 22:00,0,0,0,0,0,0,0,0,0,0,0,0,0,0
5/15/2022 23:00,0,0,0,0,0,0,0,0,0,0,0,0,0,0
5/16/2022 0:00,0,0,0,0,0,0,0,0,0,0,0,0,0,0
5/16/2022 1:00,0,0,0,0,0,0,0,0,0,0,0,0,0,0
5/16/2022 2:00,0,0,0,0,0,0,0,0,0,0,0,0,0,0
5/16/2022 3:00,0,0,0,0,0,0,0,0,0,0,0,0,0,0
5/16/2022 4:00,0,0,0,0,0,0,0,0,0,0,0,0,0,0
5/16/2022 5:00,0,0,0,0,0,0,0,0,0,0,0,0,0,0
5/16/2022 6:00,0,0,0,0,0,0,0,0,0,0,0,0,0,0
5/16/2022 7:00,0,0,0,0,0,0,0,0,0,0,0,0,0,0
5/16/2022 8:00,0,0,0,0,0,0,0,0,0,0,0,0,0,0
5/16/2022 9:00,0,0,0,0,0,0,0,0,0,0,0,0,0,0
5/16/2022 10:00,0,0,0,0,0,0,0,0,0,0,0,0,0,0
5/16/2022 11:00,0,0,0,0,0,0,0,0,0,0,0,0,0,0
5/16/2022 12:00,0,0,0,0,0,0,0,0,0,0,0,0,0,0
5/16/2022 13:00,0,0,0,0,0,0,0,0,0,0,0,0,0,0
5/16/2022 14:00,0,0,0,0,0,0,0,0,0,0,0,0,0,0
5/16/2022 15:00,0,0,0,0,0,0,0,0,0,0,0,0,0,0
5/16/2022 16:00,0,0,0,0,0,0,0,0,0,0,0,0,0,0
5/16/2022 17:00,0,0,0,0,0,0,0,0,0,0,0,0,0,0
5/16/2022 18:00,0,0,0,0,0,0,0,0,0,0,0,0,0,0
5/16/2022 19:00,0,0,0,0,0,0,0,0,0,0,0,0,0,0
5/16/2022 20:00,0,0,0,0,0,0,0,0,0,0,0,0,0,0
5/16/2022 21:00,0,0,0,0,0,0,0,0,0,0,0,0,0,0
5/16/2022 22:00,0,0,0,0,0,0,0,0,0,0,0,0,0,0
5/16/2022 23:00,0,0,0,0,0,0,0,0,0,0,0,0,0,0
5/17/2022 0:00,0,0,0,0,0,0,0,0,0,0,0,0,0,0
5/17/2022 1:00,0,0,0,0,0,0,0,0,0,0,0,0,0,0
5/17/2022 2:00,0,0,0,0,0,0,0,0,0,0,0,0,0,0
5/17/2022 3:00,0,0,0,0,0,0,0,0,0,0,0,0,0,0
5/17/2022 4:00,0,0,0,0,0,0,0,0,0,0,0,0,0,0
5/17/2022 5:00,0,0,0,0,0,0,0,0,0,0,0,0,0,0
5/17/2022 6:00,0,0,0,0,0,0,0,0,0,0,0,0,0,0
5/17/2022 7:00,0,0,0,0,0,0,0,0,0,0,0,0,0,0
5/17/2022 8:00,0,0,0,0,0,0,0,0,0,0,0,0,0,0
5/17/2022 9:00,0,0,0,0,0,0,0,0,0,0,0,0,0,0
5/17/2022 10:00,0,0,0,0,0,0,0,0,0,0,0,0,0,0
5/17/2022 11:00,0,0,0,0,0,0,0,0,0,0,0,0,0,0
5/17/2022 12:00,0,0,0,0,0,0,0,0,0,0,0,0,0,0
5/17/2022 13:00,0,0,0,0,0,0,0,0,0,0,0,0,0,0
5/17/2022 14:00,0,0,0,0,0,0,0,0,0,0,0,0,0,0
5/17/2022 15:00,0,0,0,0,0,0,0,0,0,0,0,0,0,0
5/17/2022 16:00,0,0,0,0,0,0,0,0,0,0,0,0,0,0
5/17/2022 17:00,0,0,0,0,0,0,0,0,0,0,0,0,0,0
5/17/2022 18:00,0,0,0,0,0,0,0,0,0,0,0,0,0,0
5/17/2022 19:00,0,0,0,0,0,0,0,0,0,0,0,0,0,0
5/17/2022 20:00,0,0,0,0,0,0,0,0,0,0,0,0,0,0
5/17/2022 21:00,0,0,0,0,0,0,0,0,0,0,0,0,0,0
5/17/2022 22:00,0,0,0,0,0,0,0,0,0,0,0,0,0,0
5/17/2022 23:00,0,0,0,0,0,0,0,0,0,0,0,0,0,0
5/18/2022 0:00,0,0,0,0,0,0,0,0,0,0,0,0,0,0
5/18/2022 1:00,0,0,0,0,0,0,0,0,0,0,0,0,0,0
5/18/2022 2:00,0,0,0,0,0,0,0,0,0,0,0,0,0,0
5/18/2022 3:00,0,0,0,0,0,0,0,0,0,0,0,0,0,0
5/18/2022 4:00,0,0,0,0,0,0,0,0,0,0,0,0,0,0
5/18/2022 5:00,0,0,0,0,0,0,0,0,0,0,0,0,0,0
5/18/2022 6:00,0,0,0,0,0,0,0,0,0,0,0,0,0,0
5/18/2022 7:00,0,0,0,0,0,0,0,0,0,0,0,0,0,0
5/18/2022 8:00,0,0,0,0,0,0,0,0,0,0,0,0,0,0
5/18/2022 9:00,0,0,0,0,0,0,0,0,0,0,0,0,0,0
5/18/2022 10:00,0,0,0,0,0,0,0,0,0,0,0,0,0,0
5/18/2022 11:00,0,0,0,0,0,0,0,0,0,0,0,0,0,0
5/18/2022 12:00,0,0,0,0,0,0,0,0,0,0,0,0,0,0
5/18/2022 13:00,0,0,0,0,0,0,0,0,0,0,0,0,0,0
5/18/2022 14:00,0,0,0,0,0,0,0,0,0,0,0,0,0,0
5/18/2022 15:00,0,0,0,0,0,0,0,0,0,0,0,0,0,0
5/18/2022 16:00,0,0,0,0,0,0,0,0,0,0,0,0,0,0
5/18/2022 17:00,0,0,0,0,0,0,0,0,0,0,0,0,0,0
5/18/2022 18:00,0,0,0,0,0,0,0,0,0,0,0,0,0,0
5/18/2022 19:00,0,0,0,0,0,0,0,0,0,0,0,0,0,0
5/18/2022 20:00,0,0,0,0,0,0,0,0,0,0,0,0,0,0
5/18/2022 21:00,0,0,0,0,0,0,0,0,0,0,0,0,0,0
5/18/2022 22:00,0,0,0,0,0,0,0,0,0,0,0,0,0,0
5/18/2022 23:00,0,0,0,0,0,0,0,0,0,0,0,0,0,0
5/19/2022 0:00,0,0,0,0,0,0,0,0,0,0,0,0,0,0
5/19/2022 1:00,0,0,0,0,0,0,0,0,0,0,0,0,0,0
5/19/2022 2:00,0,0,0,0,0,0,0,0,0,0,0,0,0,0
5/19/2022 3:00,0,0,0,0,0,0,0,0,0,0,0,0,0,0
5/19/2022 4:00,0,0,0,0,0,0,0,0,0,0,0,0,0,0
5/19/2022 5:00,0,0,0,0,0,0,0,0,0,0,0,0,0,0
5/19/2022 6:00,0,0,0,0,0,0,0,0,0,0,0,0,0,0
5/19/2022 7:00,0,0,0,0,0,0,0,0,0,0,0,0,0,0
5/19/2022 8:00,0,0,0,0,0,0,0,0,0,0,0,0,0,0
5/19/2022 9:00,0,0,0,0,0,0,0,0,0,0,0,0,0,0
5/19/2022 10:00,0,0,0,0,0,0,0,0,0,0,0,0,0,0
5/19/2022 11:00,0,0,0,0,0,0,0,0,0,0,0,0,0,0
5/19/2022 12:00,0,0,0,0,0,0,0,0,0,0,0,0,0,0
5/19/2022 13:00,0,0,0,0,0,0,0,0,0,0,,0,0,0
